Author,ISBN,Publisher,Title,ROW
Dr. Sanjay Sharma,9.79E+12,S.K. Kataria & Sons,Data Communication and Computer Networks,1
Fred Halsall,9.79E+12,Dorling Kindesley Pearson Education,Data Communications Computer N/W,1
Andrew S. Tanenbaum,9.79E+12,Prentice-Hall,Computer Networks,1
Schmidt,9.79E+12,Pearson Education India,C++ Network Programming,1
Forouzan,9.78E+12,Mc Graw Hill India,Data communication and networking 2ed,1
Achyut S. Godbole,9.78E+12,Tata Mcgraw-hill Education,Data Comms & Networks,1
Fred Halsall,9.79E+12,Dorling Kindesley Pearson Education,Data Communications Computer N/W,1
Forouzan,9.78E+12,Mc Graw Hill India,TCP/IP Protocol Suite e/4,1
Keith W. Ross,9.79E+12,Pearson,Computer Networking,1
Keith W. Ross,9.79E+12,Pearson,Computer Networking,1
Keith W. Ross,9.79E+12,Pearson,Computer Networking,1
Unknown,9.79E+12,prentice hall of india private limited,Internetworking with Tcp/ip Vol.3 (VOl. 3),1
Keith W. Ross,9.79E+12,Pearson,Computer Networking,1
Black,9.79E+12,Prentice Hall of India,Computer Networks,1
Andrew S. Tanenbaum,9.79E+12,Prentice-Hall,Computer Networks,1
Bruce S. Davie,9.79E+12,Elsevier,Computer Networks A Systems Approach,1
Andrew S. Tanenbaum,9.79E+12,Prentice-Hall,Computer Networks,1
Comer,9.79E+12,Pearson Education (singapore) Pte Ltd,Internetworking With Tcp/ip,2
Singhal,9.79E+12,Pearson,Wap - Wireless Application Protocol,2
Forouzan,9.78E+12,McGraw-Hill,Data Communications and Networking,2
Comer De,9.79E+12,Dorling Kindesley Pearson Education,Internetworking with Tcp/ Ip Volume 2,2
Stallings,9.78E+12,Prentice Hall,Local and Metropolitan Area Networks,2
William Stallings,9.79E+12,,Data And Computer Communications,2
MURTHY,9.79E+12,PEARSON INDIA,Ad Hoc Wireless Networks,2
LIN,9.79E+12,PEARSON INDIA,Error Control Coding,2
Dimitri P. Bertsekas,9.79E+12,Prentice Hall of India,Data Networks (Second Edition),2
Andreas F Molisch,9.79E+12,Wiley,Wireless Communications (Wse),2
Rappaport,9.79E+12,Pearson Education,Wireless Communications,2
MURTHY,9.79E+12,PEARSON INDIA,Ad Hoc Wireless Networks,2
Singhal,9.79E+12,Pearson,Wap - Wireless Application Protocol,2
Sandeep Singhal,9.7802E+12,Pearson,The Wireless Application Protocol,2
Silvia Hagen,9.7806E+12,O'REILLY,IPv6 Essentials,2
Behrouz A. Forouzan,9.78007E+12,Tata McGraw-Hill,Data Communications and Networking,2
DOUGLAS E. COMER,8120325532,Person Education Asia,INTERNETWORKING with TCP/IP,2
Craig Hunt,1449390781,O'REILLY®,Help for UNIX System Administrators,2
DOUGLAS E. COMER / DAVID L. STEVENS,null,Eastern Eaxsmy Edition,PHI SECOND EDITION Internet working with TCP/IP VOLUME II Design,2
Douglas E. Comer,null,PEARSON Education,Internetworking with TCP/IP Principles,2
John K. Ousterhout,null,ADDISON-WESLEY PROFESSIONAL COMPUTING SERIES,Teland the Tk Toolkit,2
Douglas E. Comer,null,PEARSON Education,Internetworking with TCP/IP Volume II Design,2
Forouzan,9.78126E+12,H Indian Edition,Data Communications and Networking 5E,2
Atul Kahate,9.78E+12,McGraw Hill Education India Pvt Ltd,Cryptography and Network Security,3
Unknown,9.79E+12,,Cryptography And Network Security,3
Panko,9.79E+12,Pearson Education,Corporate Computer And Network Security,3
Atul Kahate,9.78E+12,McGraw Hill Education India Pvt Ltd,Cryptography and Network Security,3
Unknown,9.79E+12,,Cryptography And Network Security,3
Tanenbaum,9.79E+12,Computer Law Association,A guide to European data protection and privacy laws for U.S. companies (Computer Law Association current issues publications series),3
James F. Kurose,9.79E+12,Pearson; (1 January 2012),Computer Networking,3
Fred Halsall,9.79E+12,Dorling Kindesley Pearson Education,Data Communications Computer N/W,3
Douglas E. Comer,9.79E+12,,Internetworking With Tcp/ip Volume 1,3
Behrouz A. Forouzan,9.78E+12,Tata McGraw-Hill,Cryptography and Network Security,3
Atul Kahate,9.78E+12,McGraw Hill Education India Pvt Ltd,Cryptography and Network Security,3
Atul Kahate,9.78E+12,McGraw Hill Education India Pvt Ltd,Cryptography and Network Security,3
Forouzan,9.78E+12,McGraw-Hill,Data Communications and Networking,3
FOROUZAN,9.79E+12,Mc Graw Hill India,Cryptography And Network Security,3
Silberschatz,9.78E+12,McGraw-Hill,Database System Concepts,3
Stallings,9.79E+12,Pearson,Network Security Essentials,3
Gallager,9.79E+12,Prentice Hall of India,Data Communications And Distributed Networks,3
Dr. Sanjay Sharma,9.79E+12,S.K. Kataria & Sons,Data and Computer Communications,3
Fred Halsall,9.79E+12,Dorling Kindesley Pearson Education,Data Communications Computer N/W,3
Monika Khurana,9.79E+12,Laxmi Publications,Data Communication System,3
HERB SCHILDT,9.78E+12,MC GRAW HILL INDIA,Java,3
FOROUZAN,9.79E+12,Mc Graw Hill India,Cryptography And Network Security,3
James F. Kurose,9.79E+12,Pearson; (1 January 2012),Computer Networking,3
Srivastava,9.79E+12,New Age International Publishers,Relational Database Management System,4
Shamkant B. Navathe,9.79E+12,Pearson Education,Fundamentals of Database Systems Fourth Edition Low Price Edition,4
Elmasri,9.79E+12,Pearson India,Fundamentals of Database Systems,4
Elmasri,9.79E+12,Pearson India,Fundamentals of Database Systems,4
Shamkant B. Navathe,9.79E+12,Pearson Education,Fundamentals of Database Systems Fourth Edition Low Price Edition,4
Elmasri,9.79E+12,Dorling Kindersley,Fundamentals of Database Systems,4
Sudarshan,9.78E+12,McGraw-Hill Higher Education,Database,4
AlexisLeon & MathewsLeon,9.79E+12,Vikas Publishing,Database Management Systems - Leon,4
CENGAGE INDIA,9.79E+12,AFYOUNI,Database Security and Auditing,4
Shamkant B. Navathe,9.79E+12,Pearson Education,Fundamentals of Database Systems,4
Ozsu / Sridhar,9.79E+12,PEARSON EDUCATION,Principles of Distributed Database Systems,4
Chris J. Date,9.79E+12,Pearson Education Asia, Patparganj,4
Foley,9.79E+12,Pearson,Computer Graphics,5
Rogers,9.78E+12,Mc Graw Hill India,Mathematical Elements For Computer Graphics,5
Foley,9.79E+12,Pearson,Computer Graphics,5
Anil K. Jain,9.79E+12,,Fundamentals Of Digital Image Processing,5
Foley,9.79E+12,Pearson,Computer Graphics,5
Udit Aggarwal,9.79E+12,S. K. Kataria & Sons (Publishers),Computer Graphics,5
James D. Foley,9.78E+12,PEARSON Education,Computer Graphics,5
James D. Foley,9.78E+12,PEARSON Education,Computer Graphics,5
William M. Newman,70463387,TATA MCGRAW EDITION,Principles of Interactive Computer Graphics,5
William M. Newman,70463387,TATA MCGRAW EDITION,Principles of Interactive Computer Graphics,5
